"dep","dur","mem","jour","temp","prec","pointe"
2021-05-14 08:12:45,619,0,"vendredi",17.8,0,1
2021-05-14 06:13:39,3824,0,"vendredi",17.8,0,1
2021-05-28 07:18:18,1318,0,"vendredi",7.8,0,1
2021-05-21 09:23:54,1409,0,"vendredi",25.3,0,1
2021-05-14 09:07:06,338,0,"vendredi",17.8,0,1
2021-05-21 21:32:12,697,0,"vendredi",25.3,0,3
2021-05-14 12:38:12,1996,0,"vendredi",17.8,0,3
2021-05-21 21:09:35,954,0,"vendredi",25.3,0,3
2021-05-21 19:08:17,529,0,"vendredi",25.3,0,3
2021-05-14 21:09:14,1649,0,"vendredi",17.8,0,3
2021-05-28 18:14:05,744,0,"vendredi",7.8,0,2
2021-05-21 17:20:46,905,0,"vendredi",25.3,0,2
2021-05-14 15:58:03,973,0,"vendredi",17.8,0,2
2021-05-07 18:50:58,278,0,"vendredi",9.7,0,2
2021-05-14 15:48:25,886,0,"vendredi",17.8,0,2
2021-06-11 07:59:09,952,0,"vendredi",19.7,0.2,1
2021-06-25 08:12:56,664,0,"vendredi",22.2,0,1
2021-06-18 09:56:29,410,0,"vendredi",21.2,4.8,1
2021-06-11 08:30:50,1123,0,"vendredi",19.7,0.2,1
2021-06-18 08:42:37,508,0,"vendredi",21.2,4.8,1
2021-06-04 01:18:34,356,0,"vendredi",22,0,3
2021-06-11 21:29:14,459,0,"vendredi",19.7,0.2,3
2021-06-25 11:58:44,163,0,"vendredi",22.2,0,3
2021-06-25 14:57:40,1324,0,"vendredi",22.2,0,3
2021-06-18 10:54:17,694,0,"vendredi",21.2,4.8,3
2021-06-11 18:10:27,773,0,"vendredi",19.7,0.2,2
2021-06-11 15:26:42,1147,0,"vendredi",19.7,0.2,2
2021-06-25 18:21:18,4566,0,"vendredi",22.2,0,2
2021-06-11 15:58:00,704,0,"vendredi",19.7,0.2,2
2021-06-25 16:14:17,545,0,"vendredi",22.2,0,2
2021-07-09 07:30:01,190,0,"vendredi",18.1,0,1
2021-07-23 07:46:40,1292,0,"vendredi",21,0,1
2021-07-30 09:12:25,574,0,"vendredi",16.5,0,1
2021-07-30 06:34:47,125,0,"vendredi",16.5,0,1
2021-07-09 08:57:44,527,0,"vendredi",18.1,0,1
2021-07-02 13:29:19,732,0,"vendredi",17.6,0,3
2021-07-02 12:56:59,548,0,"vendredi",17.6,0,3
2021-07-30 12:05:39,524,0,"vendredi",16.5,0,3
2021-07-23 23:10:28,688,0,"vendredi",21,0,3
2021-07-09 03:32:31,908,0,"vendredi",18.1,0,3
2021-07-02 15:39:44,550,0,"vendredi",17.6,0,2
2021-07-09 17:26:37,611,0,"vendredi",18.1,0,2
2021-07-23 18:33:20,1212,0,"vendredi",21,0,2
2021-07-16 17:16:57,462,0,"vendredi",22,0,2
2021-07-09 18:44:25,1959,0,"vendredi",18.1,0,2
2021-08-13 07:49:48,828,0,"vendredi",27,0.2,1
2021-08-20 09:27:12,513,0,"vendredi",25.9,0,1
2021-08-13 08:36:07,1748,0,"vendredi",27,0.2,1
2021-08-20 08:44:23,610,0,"vendredi",25.9,0,1
2021-08-13 07:52:09,4676,0,"vendredi",27,0.2,1
2021-08-13 23:10:47,430,0,"vendredi",27,0.2,3
2021-08-06 11:06:32,2133,0,"vendredi",25.1,0.2,3
2021-08-27 20:03:35,535,0,"vendredi",21.2,0,3
2021-08-13 03:21:22,464,0,"vendredi",27,0.2,3
2021-08-27 23:48:46,1219,0,"vendredi",21.2,0,3
2021-08-13 17:21:42,740,0,"vendredi",27,0.2,2
2021-08-13 15:03:16,1124,0,"vendredi",27,0.2,2
2021-08-20 18:05:58,94,0,"vendredi",25.9,0,2
2021-08-27 16:37:00,1036,0,"vendredi",21.2,0,2
2021-08-06 18:24:24,715,0,"vendredi",25.1,0.2,2
2021-09-24 08:19:23,294,0,"vendredi",18.3,26.5,1
2021-09-24 08:12:17,855,0,"vendredi",18.3,26.5,1
2021-09-17 09:42:49,980,0,"vendredi",19.8,0,1
2021-09-24 07:38:55,1292,0,"vendredi",18.3,26.5,1
2021-09-17 06:31:34,1160,0,"vendredi",19.8,0,1
2021-09-10 21:02:25,929,0,"vendredi",17.1,0.3,3
2021-09-10 12:46:05,1308,0,"vendredi",17.1,0.3,3
2021-09-03 04:24:40,902,0,"vendredi",18,0,3
2021-09-03 13:31:51,4293,0,"vendredi",18,0,3
2021-09-17 21:19:01,695,0,"vendredi",19.8,0,3
2021-09-03 18:24:34,843,0,"vendredi",18,0,2
2021-09-03 17:30:02,856,0,"vendredi",18,0,2
2021-09-03 16:58:30,3715,0,"vendredi",18,0,2
2021-09-17 15:31:08,1672,0,"vendredi",19.8,0,2
2021-09-24 17:45:00,1554,0,"vendredi",18.3,26.5,2
2021-10-29 09:18:51,384,0,"vendredi",7.8,0,1
2021-10-15 08:37:31,598,0,"vendredi",18.4,0,1
2021-10-15 09:50:59,389,0,"vendredi",18.4,0,1
2021-10-15 07:35:41,862,0,"vendredi",18.4,0,1
2021-10-01 08:03:43,311,0,"vendredi",12.5,0,1
2021-10-15 20:14:40,234,0,"vendredi",18.4,0,3
2021-10-08 13:19:07,2271,0,"vendredi",15.4,0,3
2021-10-01 00:28:12,735,0,"vendredi",12.5,0,3
2021-10-08 22:29:23,191,0,"vendredi",15.4,0,3
2021-10-08 01:16:10,868,0,"vendredi",15.4,0,3
2021-10-01 18:18:22,1185,0,"vendredi",12.5,0,2
2021-10-15 18:47:53,844,0,"vendredi",18.4,0,2
2021-10-29 17:18:41,1150,0,"vendredi",7.8,0,2
2021-10-15 17:20:47,377,0,"vendredi",18.4,0,2
2021-10-01 18:07:07,271,0,"vendredi",12.5,0,2
2021-05-10 07:46:46,297,0,"lundi",11.4,0,1
2021-05-31 09:17:37,1773,0,"lundi",15.7,0,1
2021-05-24 09:32:25,2288,0,"lundi",14.4,0,1
2021-05-24 06:08:22,917,0,"lundi",14.4,0,1
2021-05-31 08:11:24,2268,0,"lundi",15.7,0,1
2021-05-24 14:15:21,2364,0,"lundi",14.4,0,3
2021-05-31 22:06:28,159,0,"lundi",15.7,0,3
2021-05-24 14:32:00,879,0,"lundi",14.4,0,3
2021-05-17 19:40:09,1760,0,"lundi",17.9,0.2,3
2021-05-17 13:01:49,435,0,"lundi",17.9,0.2,3
2021-05-31 16:11:58,597,0,"lundi",15.7,0,2
2021-05-03 17:14:59,3290,0,"lundi",7.6,0,2
2021-05-24 18:48:34,292,0,"lundi",14.4,0,2
2021-05-17 15:52:24,795,0,"lundi",17.9,0.2,2
2021-05-17 15:17:33,535,0,"lundi",17.9,0.2,2
2021-06-28 08:46:28,261,0,"lundi",27,2.3,1
2021-06-21 09:45:34,971,0,"lundi",24.1,2.9,1
2021-06-14 09:11:25,1508,0,"lundi",20.6,7.8,1
2021-06-14 09:08:38,651,0,"lundi",20.6,7.8,1
2021-06-21 09:02:31,586,0,"lundi",24.1,2.9,1
2021-06-14 22:08:56,674,0,"lundi",20.6,7.8,3
2021-06-14 13:50:45,806,0,"lundi",20.6,7.8,3
2021-06-21 20:17:16,1325,0,"lundi",24.1,2.9,3
2021-06-07 10:56:49,1020,0,"lundi",27.6,0,3
2021-06-28 14:43:57,491,0,"lundi",27,2.3,3
2021-06-28 18:30:26,429,0,"lundi",27,2.3,2
2021-06-21 17:52:41,2705,0,"lundi",24.1,2.9,2
2021-06-21 16:39:40,1476,0,"lundi",24.1,2.9,2
2021-06-07 16:51:50,1704,0,"lundi",27.6,0,2
2021-06-14 17:55:42,1469,0,"lundi",20.6,7.8,2
2021-07-12 09:09:09,167,0,"lundi",23.1,0,1
2021-07-12 08:54:58,486,0,"lundi",23.1,0,1
2021-07-26 07:40:08,399,0,"lundi",23.5,0,1
2021-07-26 08:39:42,1642,0,"lundi",23.5,0,1
2021-07-05 06:43:59,370,0,"lundi",20.2,0,1
2021-07-19 10:08:19,738,0,"lundi",23.3,0,3
2021-07-26 00:00:49,954,0,"lundi",23.5,0,3
2021-07-12 20:44:30,1013,0,"lundi",23.1,0,3
2021-07-26 12:57:39,2332,0,"lundi",23.5,0,3
2021-07-26 10:39:56,937,0,"lundi",23.5,0,3
2021-07-05 18:33:15,845,0,"lundi",20.2,0,2
2021-07-05 15:03:25,446,0,"lundi",20.2,0,2
2021-07-05 17:40:56,1972,0,"lundi",20.2,0,2
2021-07-12 18:30:05,533,0,"lundi",23.1,0,2
2021-07-19 15:53:44,617,0,"lundi",23.3,0,2
2021-08-23 09:13:45,552,0,"lundi",26.7,0,1
2021-08-16 08:53:08,469,0,"lundi",19.5,0,1
2021-08-16 08:04:19,446,0,"lundi",19.5,0,1
2021-08-09 08:18:08,382,0,"lundi",25.2,0.2,1
2021-08-16 08:45:38,843,0,"lundi",19.5,0,1
2021-08-23 19:39:35,77,0,"lundi",26.7,0,3
2021-08-02 20:15:46,1057,0,"lundi",18.8,0,3
2021-08-02 01:41:53,2938,0,"lundi",18.8,0,3
2021-08-23 11:17:18,1792,0,"lundi",26.7,0,3
2021-08-02 12:01:31,1127,0,"lundi",18.8,0,3
2021-08-30 17:28:24,566,0,"lundi",24.8,5.3,2
2021-08-23 18:51:36,1348,0,"lundi",26.7,0,2
2021-08-16 15:18:48,920,0,"lundi",19.5,0,2
2021-08-30 17:38:19,4339,0,"lundi",24.8,5.3,2
2021-08-02 18:08:00,1218,0,"lundi",18.8,0,2
2021-09-13 08:36:56,983,0,"lundi",17.3,0.2,1
2021-09-20 09:27:20,569,0,"lundi",17.3,0,1
2021-09-06 09:43:02,1893,0,"lundi",17.4,6.3,1
2021-09-13 08:23:13,942,0,"lundi",17.3,0.2,1
2021-09-20 09:47:26,906,0,"lundi",17.3,0,1
2021-09-27 21:22:38,449,0,"lundi",13.6,3.1,3
2021-09-06 19:48:18,106,0,"lundi",17.4,6.3,3
2021-09-20 19:10:00,1231,0,"lundi",17.3,0,3
2021-09-20 21:41:15,381,0,"lundi",17.3,0,3
2021-09-06 14:22:35,1047,0,"lundi",17.4,6.3,3
2021-09-27 15:20:49,827,0,"lundi",13.6,3.1,2
2021-09-20 16:49:37,1279,0,"lundi",17.3,0,2
2021-09-27 16:03:01,616,0,"lundi",13.6,3.1,2
2021-09-06 15:01:35,390,0,"lundi",17.4,6.3,2
2021-09-06 18:51:06,1662,0,"lundi",17.4,6.3,2
2021-10-25 09:41:52,470,0,"lundi",6.5,0.5,1
2021-10-25 09:00:13,322,0,"lundi",6.5,0.5,1
2021-10-25 08:44:02,201,0,"lundi",6.5,0.5,1
2021-10-18 09:33:40,1426,0,"lundi",9.7,0.7,1
2021-10-04 09:17:01,203,0,"lundi",12.2,0,1
2021-10-11 19:13:05,346,0,"lundi",18.4,0,3
2021-10-11 21:17:01,1043,0,"lundi",18.4,0,3
2021-10-11 04:26:21,322,0,"lundi",18.4,0,3
2021-10-18 12:25:16,318,0,"lundi",9.7,0.7,3
2021-10-11 00:42:52,236,0,"lundi",18.4,0,3
2021-10-11 18:14:39,497,0,"lundi",18.4,0,2
2021-10-11 17:20:29,3199,0,"lundi",18.4,0,2
2021-10-04 18:00:42,1294,0,"lundi",12.2,0,2
2021-10-11 18:32:03,1198,0,"lundi",18.4,0,2
2021-10-11 15:48:09,987,0,"lundi",18.4,0,2
2021-05-29 06:27:11,140,0,"samedi",11.4,0,1
2021-05-01 08:32:25,735,0,"samedi",5.9,0,1
2021-05-22 07:49:05,548,0,"samedi",23.6,0.3,1
2021-05-08 07:16:09,1428,0,"samedi",11.7,0,1
2021-05-01 07:19:48,332,0,"samedi",5.9,0,1
2021-05-29 14:32:08,2802,0,"samedi",11.4,0,3
2021-05-15 13:24:38,2138,0,"samedi",17.7,0.2,3
2021-05-29 14:16:46,1063,0,"samedi",11.4,0,3
2021-05-08 11:15:44,1295,0,"samedi",11.7,0,3
2021-05-08 10:49:00,388,0,"samedi",11.7,0,3
2021-05-22 17:53:28,5357,0,"samedi",23.6,0.3,2
2021-05-15 16:28:55,1166,0,"samedi",17.7,0.2,2
2021-05-08 15:52:23,209,0,"samedi",11.7,0,2
2021-05-22 17:44:42,612,0,"samedi",23.6,0.3,2
2021-05-01 17:14:47,718,0,"samedi",5.9,0,2
2021-06-05 09:42:31,993,0,"samedi",22.4,14.2,1
2021-06-12 08:15:38,144,0,"samedi",19.3,0,1
2021-06-19 08:26:26,1624,0,"samedi",20.7,1.9,1
2021-06-05 09:36:54,554,0,"samedi",22.4,14.2,1
2021-06-26 08:30:10,567,0,"samedi",21.4,20.8,1
2021-06-05 14:42:28,1084,0,"samedi",22.4,14.2,3
2021-06-19 00:05:12,293,0,"samedi",20.7,1.9,3
2021-06-12 11:31:13,968,0,"samedi",19.3,0,3
2021-06-05 14:17:21,726,0,"samedi",22.4,14.2,3
2021-06-26 01:40:30,437,0,"samedi",21.4,20.8,3
2021-06-12 15:55:17,1193,0,"samedi",19.3,0,2
2021-06-19 16:27:57,422,0,"samedi",20.7,1.9,2
2021-06-26 15:47:30,365,0,"samedi",21.4,20.8,2
2021-06-19 15:40:13,924,0,"samedi",20.7,1.9,2
2021-06-19 17:40:50,1232,0,"samedi",20.7,1.9,2
2021-07-17 07:00:31,1014,0,"samedi",21.7,0,1
2021-07-17 09:04:54,962,0,"samedi",21.7,0,1
2021-07-17 08:51:28,230,0,"samedi",21.7,0,1
2021-07-10 09:33:33,1397,0,"samedi",19,0,1
2021-07-17 09:44:18,868,0,"samedi",21.7,0,1
2021-07-31 19:04:07,1265,0,"samedi",17.9,0,3
2021-07-10 11:04:08,522,0,"samedi",19,0,3
2021-07-10 11:27:08,1742,0,"samedi",19,0,3
2021-07-03 00:48:46,656,0,"samedi",16.5,0,3
2021-07-10 23:17:43,873,0,"samedi",19,0,3
2021-07-31 18:00:16,1745,0,"samedi",17.9,0,2
2021-07-17 18:03:35,375,0,"samedi",21.7,0,2
2021-07-24 18:11:52,275,0,"samedi",21.9,0.6,2
2021-07-10 18:18:39,473,0,"samedi",19,0,2
2021-07-17 17:37:08,1849,0,"samedi",21.7,0,2
2021-08-28 06:11:25,484,0,"samedi",18.9,0,1
2021-08-28 09:48:04,594,0,"samedi",18.9,0,1
2021-08-28 09:14:48,1439,0,"samedi",18.9,0,1
2021-08-21 09:35:56,492,0,"samedi",27.5,0,1
2021-08-21 08:20:03,557,0,"samedi",27.5,0,1
2021-08-28 13:26:31,1348,0,"samedi",18.9,0,3
2021-08-07 14:38:30,1778,0,"samedi",23.6,0.8,3
2021-08-21 20:19:07,1479,0,"samedi",27.5,0,3
2021-08-07 20:09:49,974,0,"samedi",23.6,0.8,3
2021-08-28 11:36:21,510,0,"samedi",18.9,0,3
2021-08-14 16:02:43,527,0,"samedi",20.9,0.2,2
2021-08-07 16:38:22,341,0,"samedi",23.6,0.8,2
2021-08-21 18:20:11,1431,0,"samedi",27.5,0,2
2021-08-21 15:07:22,1785,0,"samedi",27.5,0,2
2021-08-21 16:00:52,2626,0,"samedi",27.5,0,2
2021-09-11 06:35:17,1240,0,"samedi",18.4,0,1
2021-09-25 08:34:33,933,0,"samedi",16.7,0,1
2021-09-04 06:49:26,682,0,"samedi",19,0,1
2021-09-25 09:25:33,335,0,"samedi",16.7,0,1
2021-09-04 07:46:35,691,0,"samedi",19,0,1
2021-09-04 22:24:30,121,0,"samedi",19,0,3
2021-09-18 22:42:45,1809,0,"samedi",18.7,0,3
2021-09-11 03:19:00,969,0,"samedi",18.4,0,3
2021-09-18 13:13:33,403,0,"samedi",18.7,0,3
2021-09-25 11:48:55,983,0,"samedi",16.7,0,3
2021-09-25 18:15:34,1762,0,"samedi",16.7,0,2
2021-09-18 17:49:04,3903,0,"samedi",18.7,0,2
2021-09-11 17:38:22,480,0,"samedi",18.4,0,2
2021-09-25 15:48:57,458,0,"samedi",16.7,0,2
2021-09-25 16:55:50,1162,0,"samedi",16.7,0,2
2021-10-16 09:29:40,1449,0,"samedi",15.8,18.7,1
2021-10-09 07:25:42,1938,0,"samedi",16,0,1
2021-10-09 09:49:25,756,0,"samedi",16,0,1
2021-10-09 07:57:44,398,0,"samedi",16,0,1
2021-10-16 09:48:52,228,0,"samedi",15.8,18.7,1
2021-10-09 13:48:54,316,0,"samedi",16,0,3
2021-10-23 19:23:23,446,0,"samedi",4.9,0,3
2021-10-16 01:31:00,2086,0,"samedi",15.8,18.7,3
2021-10-16 01:53:22,2328,0,"samedi",15.8,18.7,3
2021-10-16 00:08:49,1425,0,"samedi",15.8,18.7,3
2021-10-09 16:57:44,321,0,"samedi",16,0,2
2021-10-02 18:47:37,393,0,"samedi",11.9,11.4,2
2021-10-09 15:16:32,1005,0,"samedi",16,0,2
2021-10-30 17:10:38,1722,0,"samedi",8.2,11.6,2
2021-10-09 15:41:34,2336,0,"samedi",16,0,2
2021-05-16 07:04:25,380,0,"dimanche",15.8,0.3,1
2021-05-23 08:31:33,901,0,"dimanche",15.8,0.5,1
2021-05-09 09:58:10,711,0,"dimanche",11.4,0,1
2021-05-16 09:54:46,579,0,"dimanche",15.8,0.3,1
2021-05-30 08:36:52,1048,0,"dimanche",13.6,0.9,1
2021-05-02 14:11:08,488,0,"dimanche",10,0,3
2021-05-30 10:41:54,942,0,"dimanche",13.6,0.9,3
2021-05-16 11:18:14,831,0,"dimanche",15.8,0.3,3
2021-05-09 19:02:22,1690,0,"dimanche",11.4,0,3
2021-05-23 11:26:48,785,0,"dimanche",15.8,0.5,3
2021-05-23 18:45:12,648,0,"dimanche",15.8,0.5,2
2021-05-16 16:57:10,1042,0,"dimanche",15.8,0.3,2
2021-05-09 16:15:11,496,0,"dimanche",11.4,0,2
2021-05-23 17:58:31,836,0,"dimanche",15.8,0.5,2
2021-05-09 17:41:12,2492,0,"dimanche",11.4,0,2
2021-06-13 09:27:25,611,0,"dimanche",21.6,2.8,1
2021-06-20 09:25:21,445,0,"dimanche",21.8,0,1
2021-06-06 08:36:35,930,0,"dimanche",24.5,0,1
2021-06-20 07:09:42,553,0,"dimanche",21.8,0,1
2021-06-27 06:24:24,1422,0,"dimanche",26.9,0,1
2021-06-20 12:36:37,1107,0,"dimanche",21.8,0,3
2021-06-06 23:27:54,456,0,"dimanche",24.5,0,3
2021-06-13 21:08:36,2769,0,"dimanche",21.6,2.8,3
2021-06-06 21:04:08,1212,0,"dimanche",24.5,0,3
2021-06-20 14:04:39,2013,0,"dimanche",21.8,0,3
2021-06-27 17:57:01,803,0,"dimanche",26.9,0,2
2021-06-20 15:09:45,361,0,"dimanche",21.8,0,2
2021-06-20 16:31:41,2294,0,"dimanche",21.8,0,2
2021-06-27 17:50:06,3369,0,"dimanche",26.9,0,2
2021-06-06 16:00:57,1276,0,"dimanche",24.5,0,2
2021-07-18 07:56:18,1017,0,"dimanche",21.8,0,1
2021-07-11 08:46:12,710,0,"dimanche",21,0,1
2021-07-25 09:56:42,3045,0,"dimanche",22.8,13.9,1
2021-07-04 06:29:17,391,0,"dimanche",18.4,0,1
2021-07-04 09:36:05,673,0,"dimanche",18.4,0,1
2021-07-18 14:13:24,848,0,"dimanche",21.8,0,3
2021-07-18 19:34:51,596,0,"dimanche",21.8,0,3
2021-07-11 13:28:00,1990,0,"dimanche",21,0,3
2021-07-18 22:40:53,776,0,"dimanche",21.8,0,3
2021-07-04 10:37:29,668,0,"dimanche",18.4,0,3
2021-07-04 15:39:03,1314,0,"dimanche",18.4,0,2
2021-07-18 15:29:52,1081,0,"dimanche",21.8,0,2
2021-07-18 18:33:27,2207,0,"dimanche",21.8,0,2
2021-07-11 17:37:53,2491,0,"dimanche",21,0,2
2021-07-11 15:43:31,1306,0,"dimanche",21,0,2
2021-08-22 08:36:48,1500,0,"dimanche",28.2,0,1
2021-08-01 09:56:31,585,0,"dimanche",16.9,0,1
2021-08-29 07:32:02,1358,0,"dimanche",19.3,6.5,1
2021-08-08 09:13:15,1345,0,"dimanche",24,0,1
2021-08-15 09:53:26,992,0,"dimanche",18.2,0,1
2021-08-08 11:37:48,897,0,"dimanche",24,0,3
2021-08-15 14:13:04,1912,0,"dimanche",18.2,0,3
2021-08-01 20:20:33,1114,0,"dimanche",16.9,0,3
2021-08-22 21:13:28,391,0,"dimanche",28.2,0,3
2021-08-15 12:44:40,268,0,"dimanche",18.2,0,3
2021-08-01 17:38:41,3038,0,"dimanche",16.9,0,2
2021-08-08 15:27:56,197,0,"dimanche",24,0,2
2021-08-08 18:08:35,414,0,"dimanche",24,0,2
2021-08-15 15:34:04,654,0,"dimanche",18.2,0,2
2021-08-29 15:12:54,1144,0,"dimanche",19.3,6.5,2
2021-09-19 09:53:43,354,0,"dimanche",15.4,0,1
2021-09-26 08:22:42,1500,0,"dimanche",16.7,0,1
2021-09-26 07:35:55,902,0,"dimanche",16.7,0,1
2021-09-19 09:20:48,342,0,"dimanche",15.4,0,1
2021-09-26 06:57:22,411,0,"dimanche",16.7,0,1
2021-09-12 00:31:50,1989,0,"dimanche",19.1,0,3
2021-09-05 14:15:00,753,0,"dimanche",19.5,13.6,3
2021-09-12 02:14:47,1598,0,"dimanche",19.1,0,3
2021-09-26 14:52:27,2622,0,"dimanche",16.7,0,3
2021-09-19 12:50:01,559,0,"dimanche",15.4,0,3
2021-09-12 18:52:33,1519,0,"dimanche",19.1,0,2
2021-09-19 16:44:27,340,0,"dimanche",15.4,0,2
2021-09-05 16:39:47,805,0,"dimanche",19.5,13.6,2
2021-09-26 18:17:22,414,0,"dimanche",16.7,0,2
2021-09-19 18:37:05,711,0,"dimanche",15.4,0,2
2021-10-03 09:56:26,471,0,"dimanche",13,0.7,1
2021-10-17 06:20:27,830,0,"dimanche",11.1,0.2,1
2021-10-10 07:39:32,273,0,"dimanche",16.2,0,1
2021-10-17 09:12:49,404,0,"dimanche",11.1,0.2,1
2021-10-17 09:34:44,3138,0,"dimanche",11.1,0.2,1
2021-10-10 23:05:50,2727,0,"dimanche",16.2,0,3
2021-10-17 13:15:38,391,0,"dimanche",11.1,0.2,3
2021-10-24 10:02:52,1447,0,"dimanche",7.3,0,3
2021-10-10 23:21:10,397,0,"dimanche",16.2,0,3
2021-10-03 23:06:26,762,0,"dimanche",13,0.7,3
2021-10-10 15:15:53,1015,0,"dimanche",16.2,0,2
2021-10-10 18:52:19,1051,0,"dimanche",16.2,0,2
2021-10-17 15:04:02,2296,0,"dimanche",11.1,0.2,2
2021-10-03 16:09:56,514,0,"dimanche",13,0.7,2
2021-10-17 17:33:58,738,0,"dimanche",11.1,0.2,2
2021-05-27 09:52:17,401,0,"jeudi",11.5,0,1
2021-05-20 08:01:12,1158,0,"jeudi",23.4,0,1
2021-05-13 08:39:52,629,0,"jeudi",13.4,0,1
2021-05-13 06:31:21,2261,0,"jeudi",13.4,0,1
2021-05-13 06:57:06,338,0,"jeudi",13.4,0,1
2021-05-06 13:25:32,810,0,"jeudi",10.2,0,3
2021-05-20 20:11:23,2079,0,"jeudi",23.4,0,3
2021-05-06 20:38:03,384,0,"jeudi",10.2,0,3
2021-05-20 11:07:59,1238,0,"jeudi",23.4,0,3
2021-05-27 19:42:40,367,0,"jeudi",11.5,0,3
2021-05-20 17:15:24,223,0,"jeudi",23.4,0,2
2021-05-06 18:11:12,595,0,"jeudi",10.2,0,2
2021-05-06 18:17:31,717,0,"jeudi",10.2,0,2
2021-05-13 17:29:21,1588,0,"jeudi",13.4,0,2
2021-05-13 18:46:01,1371,0,"jeudi",13.4,0,2
2021-06-24 09:34:10,627,0,"jeudi",20.4,0,1
2021-06-03 09:41:34,1193,0,"jeudi",17.5,6.3,1
2021-06-17 07:46:05,2376,0,"jeudi",18.2,0,1
2021-06-24 08:24:29,743,0,"jeudi",20.4,0,1
2021-06-03 06:19:18,1100,0,"jeudi",17.5,6.3,1
2021-06-03 22:00:40,805,0,"jeudi",17.5,6.3,3
2021-06-10 21:59:34,871,0,"jeudi",18.5,0,3
2021-06-17 21:13:27,4461,0,"jeudi",18.2,0,3
2021-06-24 23:51:00,981,0,"jeudi",20.4,0,3
2021-06-24 00:56:28,177,0,"jeudi",20.4,0,3
2021-06-10 17:55:11,2272,0,"jeudi",18.5,0,2
2021-06-03 17:32:24,241,0,"jeudi",17.5,6.3,2
2021-06-10 15:49:13,686,0,"jeudi",18.5,0,2
2021-06-24 17:18:41,1760,0,"jeudi",20.4,0,2
2021-06-17 15:43:42,982,0,"jeudi",18.2,0,2
2021-07-01 08:37:35,688,0,"jeudi",20.6,0,1
2021-07-15 08:31:32,596,0,"jeudi",25.3,3.2,1
2021-07-15 08:53:20,345,0,"jeudi",25.3,3.2,1
2021-07-08 09:54:00,541,0,"jeudi",17.2,16.1,1
2021-07-29 06:50:14,693,0,"jeudi",17.7,0.7,1
2021-07-22 19:02:13,864,0,"jeudi",19.6,0,3
2021-07-22 21:52:26,801,0,"jeudi",19.6,0,3
2021-07-15 11:41:40,895,0,"jeudi",25.3,3.2,3
2021-07-15 14:33:34,312,0,"jeudi",25.3,3.2,3
2021-07-15 19:12:36,1398,0,"jeudi",25.3,3.2,3
2021-07-01 18:00:17,817,0,"jeudi",20.6,0,2
2021-07-01 15:22:13,1661,0,"jeudi",20.6,0,2
2021-07-22 16:04:26,508,0,"jeudi",19.6,0,2
2021-07-01 15:48:54,844,0,"jeudi",20.6,0,2
2021-07-15 18:11:30,1579,0,"jeudi",25.3,3.2,2
2021-08-26 08:30:56,285,0,"jeudi",27.6,0,1
2021-08-05 08:28:26,2005,0,"jeudi",22.1,0,1
2021-08-12 08:19:38,249,0,"jeudi",26.9,0,1
2021-08-19 09:07:35,2552,0,"jeudi",23.7,0.5,1
2021-08-12 08:30:32,198,0,"jeudi",26.9,0,1
2021-08-05 19:43:52,525,0,"jeudi",22.1,0,3
2021-08-26 14:11:51,609,0,"jeudi",27.6,0,3
2021-08-12 19:02:31,4582,0,"jeudi",26.9,0,3
2021-08-26 02:36:29,1061,0,"jeudi",27.6,0,3
2021-08-19 19:52:19,457,0,"jeudi",23.7,0.5,3
2021-08-26 17:34:48,1388,0,"jeudi",27.6,0,2
2021-08-12 18:22:34,1648,0,"jeudi",26.9,0,2
2021-08-19 17:21:58,499,0,"jeudi",23.7,0.5,2
2021-08-05 17:20:06,515,0,"jeudi",22.1,0,2
2021-08-05 18:04:19,883,0,"jeudi",22.1,0,2
2021-09-02 07:21:56,418,0,"jeudi",15.6,0,1
2021-09-30 08:50:18,627,0,"jeudi",11.3,0,1
2021-09-30 07:49:18,707,0,"jeudi",11.3,0,1
2021-09-23 08:25:04,1310,0,"jeudi",24.7,6.3,1
2021-09-16 08:37:38,1354,0,"jeudi",16.9,0.2,1
2021-09-09 19:40:19,1053,0,"jeudi",19.5,1.6,3
2021-09-30 14:53:38,274,0,"jeudi",11.3,0,3
2021-09-16 11:09:31,496,0,"jeudi",16.9,0.2,3
2021-09-09 19:27:08,2014,0,"jeudi",19.5,1.6,3
2021-09-23 19:06:21,3106,0,"jeudi",24.7,6.3,3
2021-09-02 18:06:32,693,0,"jeudi",15.6,0,2
2021-09-16 17:24:28,79,0,"jeudi",16.9,0.2,2
2021-09-16 16:48:12,3275,0,"jeudi",16.9,0.2,2
2021-09-30 16:48:36,587,0,"jeudi",11.3,0,2
2021-09-30 15:25:37,343,0,"jeudi",11.3,0,2
2021-10-21 09:48:12,273,0,"jeudi",11.7,5.8,1
2021-10-28 09:44:24,522,0,"jeudi",7.9,0,1
2021-10-21 06:10:12,682,0,"jeudi",11.7,5.8,1
2021-10-28 08:42:34,281,0,"jeudi",7.9,0,1
2021-10-07 08:35:46,1227,0,"jeudi",14.4,0,1
2021-10-14 22:47:39,109,0,"jeudi",18.3,0,3
2021-10-14 21:42:07,1495,0,"jeudi",18.3,0,3
2021-10-07 23:17:26,143,0,"jeudi",14.4,0,3
2021-10-28 21:36:32,2646,0,"jeudi",7.9,0,3
2021-10-07 12:50:27,1093,0,"jeudi",14.4,0,3
2021-10-21 18:55:43,288,0,"jeudi",11.7,5.8,2
2021-10-14 18:05:55,730,0,"jeudi",18.3,0,2
2021-10-14 15:10:23,1678,0,"jeudi",18.3,0,2
2021-10-07 17:50:24,2525,0,"jeudi",14.4,0,2
2021-10-14 17:44:25,1113,0,"jeudi",18.3,0,2
2021-05-11 09:18:46,421,0,"mardi",9.8,0,1
2021-05-25 06:48:05,352,0,"mardi",19.7,0.5,1
2021-05-18 09:02:56,328,0,"mardi",20,0,1
2021-05-25 08:47:19,568,0,"mardi",19.7,0.5,1
2021-05-25 08:41:38,800,0,"mardi",19.7,0.5,1
2021-05-25 14:11:24,1190,0,"mardi",19.7,0.5,3
2021-05-25 19:52:52,362,0,"mardi",19.7,0.5,3
2021-05-25 14:56:58,223,0,"mardi",19.7,0.5,3
2021-05-25 19:12:35,262,0,"mardi",19.7,0.5,3
2021-05-25 19:16:30,1059,0,"mardi",19.7,0.5,3
2021-05-11 17:42:30,1898,0,"mardi",9.8,0,2
2021-05-25 15:25:19,1982,0,"mardi",19.7,0.5,2
2021-05-25 18:50:58,684,0,"mardi",19.7,0.5,2
2021-05-18 18:39:34,2735,0,"mardi",20,0,2
2021-05-18 15:08:59,1170,0,"mardi",20,0,2
2021-06-15 08:35:50,930,0,"mardi",17.9,0,1
2021-06-15 08:31:39,856,0,"mardi",17.9,0,1
2021-06-01 09:23:32,915,0,"mardi",19.3,1.4,1
2021-06-08 08:14:44,1713,0,"mardi",26.3,0,1
2021-06-29 08:33:24,1217,0,"mardi",25.6,0,1
2021-06-01 12:02:05,1666,0,"mardi",19.3,1.4,3
2021-06-29 22:33:44,1490,0,"mardi",25.6,0,3
2021-06-15 10:41:56,529,0,"mardi",17.9,0,3
2021-06-29 19:30:55,771,0,"mardi",25.6,0,3
2021-06-22 12:48:08,927,0,"mardi",15.5,0.2,3
2021-06-08 18:29:24,1809,0,"mardi",26.3,0,2
2021-06-22 18:54:14,311,0,"mardi",15.5,0.2,2
2021-06-15 18:05:43,3017,0,"mardi",17.9,0,2
2021-06-29 18:02:40,434,0,"mardi",25.6,0,2
2021-06-29 15:15:05,1032,0,"mardi",25.6,0,2
2021-07-06 09:42:30,1206,0,"mardi",23.1,1.2,1
2021-07-27 09:12:22,372,0,"mardi",19,1.4,1
2021-07-20 08:13:09,497,0,"mardi",21.2,9.6,1
2021-07-13 06:37:36,1049,0,"mardi",23.2,5.8,1
2021-07-13 08:05:40,1639,0,"mardi",23.2,5.8,1
2021-07-13 19:06:55,1242,0,"mardi",23.2,5.8,3
2021-07-06 14:50:30,1537,0,"mardi",23.1,1.2,3
2021-07-13 20:55:18,218,0,"mardi",23.2,5.8,3
2021-07-06 14:54:51,800,0,"mardi",23.1,1.2,3
2021-07-06 20:35:46,910,0,"mardi",23.1,1.2,3
2021-07-27 17:43:14,323,0,"mardi",19,1.4,2
2021-07-13 17:34:30,1141,0,"mardi",23.2,5.8,2
2021-07-20 16:34:44,1797,0,"mardi",21.2,9.6,2
2021-07-27 18:13:13,431,0,"mardi",19,1.4,2
2021-07-20 17:23:45,1107,0,"mardi",21.2,9.6,2
2021-08-03 08:45:27,295,0,"mardi",21.5,0.2,1
2021-08-03 09:49:53,333,0,"mardi",21.5,0.2,1
2021-08-31 08:58:30,707,0,"mardi",20.6,0,1
2021-08-31 08:57:37,308,0,"mardi",20.6,0,1
2021-08-03 07:02:43,324,0,"mardi",21.5,0.2,1
2021-08-03 22:43:53,1804,0,"mardi",21.5,0.2,3
2021-08-03 12:30:15,818,0,"mardi",21.5,0.2,3
2021-08-03 11:03:23,630,0,"mardi",21.5,0.2,3
2021-08-31 11:29:15,824,0,"mardi",20.6,0,3
2021-08-31 00:52:55,359,0,"mardi",20.6,0,3
2021-08-03 18:12:39,587,0,"mardi",21.5,0.2,2
2021-08-10 17:50:33,371,0,"mardi",26.5,10.4,2
2021-08-03 18:27:19,365,0,"mardi",21.5,0.2,2
2021-08-31 18:42:52,983,0,"mardi",20.6,0,2
2021-08-24 17:29:54,656,0,"mardi",27.2,0,2
2021-09-21 08:43:03,528,0,"mardi",20.2,0,1
2021-09-14 09:17:35,1654,0,"mardi",16.7,0,1
2021-09-14 08:19:59,700,0,"mardi",16.7,0,1
2021-09-28 06:04:08,6884,0,"mardi",10.5,0.2,1
2021-09-14 09:46:48,803,0,"mardi",16.7,0,1
2021-09-07 11:45:58,778,0,"mardi",17.9,0,3
2021-09-28 12:32:23,365,0,"mardi",10.5,0.2,3
2021-09-21 13:15:46,653,0,"mardi",20.2,0,3
2021-09-14 10:47:36,1284,0,"mardi",16.7,0,3
2021-09-07 00:55:23,808,0,"mardi",17.9,0,3
2021-09-07 16:32:20,393,0,"mardi",17.9,0,2
2021-09-14 18:42:51,230,0,"mardi",16.7,0,2
2021-09-07 18:18:53,688,0,"mardi",17.9,0,2
2021-09-07 18:04:08,131,0,"mardi",17.9,0,2
2021-09-21 18:50:59,1089,0,"mardi",20.2,0,2
2021-10-19 07:04:11,101,0,"mardi",8.8,0,1
2021-10-12 06:20:29,155,0,"mardi",18.5,0,1
2021-10-12 09:44:59,952,0,"mardi",18.5,0,1
2021-10-26 08:20:49,707,0,"mardi",9.6,6.4,1
2021-10-05 06:34:50,154,0,"mardi",13.1,0,1
2021-10-12 20:53:04,222,0,"mardi",18.5,0,3
2021-10-12 11:38:28,856,0,"mardi",18.5,0,3
2021-10-26 20:16:45,543,0,"mardi",9.6,6.4,3
2021-10-12 14:27:05,1145,0,"mardi",18.5,0,3
2021-10-12 22:51:11,427,0,"mardi",18.5,0,3
2021-10-12 16:42:52,1332,0,"mardi",18.5,0,2
2021-10-26 17:31:47,112,0,"mardi",9.6,6.4,2
2021-10-12 18:44:08,1069,0,"mardi",18.5,0,2
2021-10-12 18:10:47,640,0,"mardi",18.5,0,2
2021-10-19 18:22:20,1417,0,"mardi",8.8,0,2
2021-05-19 08:13:56,710,0,"mercredi",19.2,0,1
2021-05-19 07:25:10,956,0,"mercredi",19.2,0,1
2021-05-19 07:54:24,198,0,"mercredi",19.2,0,1
2021-05-12 09:17:32,511,0,"mercredi",12,0,1
2021-05-12 09:35:36,1268,0,"mercredi",12,0,1
2021-05-12 19:33:57,229,0,"mercredi",12,0,3
2021-05-05 13:29:05,1361,0,"mercredi",10.7,0.8,3
2021-05-12 20:50:14,339,0,"mercredi",12,0,3
2021-05-19 19:46:42,1053,0,"mercredi",19.2,0,3
2021-05-05 20:11:43,144,0,"mercredi",10.7,0.8,3
2021-05-19 17:35:40,1290,0,"mercredi",19.2,0,2
2021-05-12 15:10:29,1300,0,"mercredi",12,0,2
2021-05-19 17:46:31,1285,0,"mercredi",19.2,0,2
2021-05-12 17:18:57,6222,0,"mercredi",12,0,2
2021-05-26 17:00:14,586,0,"mercredi",24,0.4,2
2021-06-23 09:43:38,1154,0,"mercredi",14.5,0,1
2021-06-16 06:25:26,239,0,"mercredi",15.2,0,1
2021-06-30 09:02:22,419,0,"mercredi",23.4,31.7,1
2021-06-02 09:01:44,233,0,"mercredi",20.9,0,1
2021-06-09 08:31:57,1629,0,"mercredi",24.1,0,1
2021-06-30 01:20:15,432,0,"mercredi",23.4,31.7,3
2021-06-09 19:25:06,323,0,"mercredi",24.1,0,3
2021-06-30 10:50:02,889,0,"mercredi",23.4,31.7,3
2021-06-23 22:14:03,338,0,"mercredi",14.5,0,3
2021-06-16 04:57:12,1294,0,"mercredi",15.2,0,3
2021-06-02 18:58:55,1485,0,"mercredi",20.9,0,2
2021-06-09 17:51:00,1440,0,"mercredi",24.1,0,2
2021-06-09 16:16:23,281,0,"mercredi",24.1,0,2
2021-06-02 18:39:35,487,0,"mercredi",20.9,0,2
2021-06-30 15:50:00,617,0,"mercredi",23.4,31.7,2
2021-07-21 09:23:27,189,0,"mercredi",20,1.5,1
2021-07-21 07:23:11,676,0,"mercredi",20,1.5,1
2021-07-07 08:39:22,1303,0,"mercredi",16.4,0,1
2021-07-14 09:36:49,389,0,"mercredi",24.2,0,1
2021-07-14 06:48:19,287,0,"mercredi",24.2,0,1
2021-07-07 19:50:05,2071,0,"mercredi",16.4,0,3
2021-07-14 02:02:15,612,0,"mercredi",24.2,0,3
2021-07-28 20:25:13,3030,0,"mercredi",19.2,0,3
2021-07-07 01:27:08,3678,0,"mercredi",16.4,0,3
2021-07-21 21:17:58,759,0,"mercredi",20,1.5,3
2021-07-21 17:07:23,1284,0,"mercredi",20,1.5,2
2021-07-28 18:03:39,1570,0,"mercredi",19.2,0,2
2021-07-14 18:35:22,1115,0,"mercredi",24.2,0,2
2021-07-28 17:01:25,1033,0,"mercredi",19.2,0,2
2021-07-07 15:40:17,596,0,"mercredi",16.4,0,2
2021-08-04 09:32:28,608,0,"mercredi",21.1,0.2,1
2021-08-18 09:21:18,338,0,"mercredi",25.4,0,1
2021-08-04 08:16:49,273,0,"mercredi",21.1,0.2,1
2021-08-11 09:36:40,1752,0,"mercredi",27,5,1
2021-08-04 07:48:47,520,0,"mercredi",21.1,0.2,1
2021-08-25 19:43:46,141,0,"mercredi",26.6,0,3
2021-08-18 11:19:03,662,0,"mercredi",25.4,0,3
2021-08-04 13:58:07,342,0,"mercredi",21.1,0.2,3
2021-08-25 14:33:19,1368,0,"mercredi",26.6,0,3
2021-08-18 19:19:48,699,0,"mercredi",25.4,0,3
2021-08-18 15:31:40,1742,0,"mercredi",25.4,0,2
2021-08-04 18:08:31,857,0,"mercredi",21.1,0.2,2
2021-08-18 16:44:30,1399,0,"mercredi",25.4,0,2
2021-08-11 16:04:57,249,0,"mercredi",27,5,2
2021-08-11 16:38:50,402,0,"mercredi",27,5,2
2021-09-15 09:07:35,572,0,"mercredi",17.6,11.1,1
2021-09-08 07:03:23,333,0,"mercredi",18.6,1,1
2021-09-15 08:57:06,1959,0,"mercredi",17.6,11.1,1
2021-09-22 08:18:30,473,0,"mercredi",20.8,0.2,1
2021-09-08 09:21:28,368,0,"mercredi",18.6,1,1
2021-09-29 21:38:44,654,0,"mercredi",11.2,0,3
2021-09-01 19:40:07,891,0,"mercredi",18,0,3
2021-09-29 12:23:37,1327,0,"mercredi",11.2,0,3
2021-09-29 21:07:51,590,0,"mercredi",11.2,0,3
2021-09-29 11:22:09,1423,0,"mercredi",11.2,0,3
2021-09-08 17:34:17,2647,0,"mercredi",18.6,1,2
2021-09-08 17:16:40,1124,0,"mercredi",18.6,1,2
2021-09-22 18:33:31,1328,0,"mercredi",20.8,0.2,2
2021-09-29 18:44:02,1162,0,"mercredi",11.2,0,2
2021-09-15 17:59:28,384,0,"mercredi",17.6,11.1,2
2021-10-20 09:26:47,1102,0,"mercredi",11.8,0,1
2021-10-27 07:11:35,1393,0,"mercredi",9.6,0,1
2021-10-20 08:04:16,509,0,"mercredi",11.8,0,1
2021-10-27 07:49:14,541,0,"mercredi",9.6,0,1
2021-10-20 09:34:55,1296,0,"mercredi",11.8,0,1
2021-10-27 13:29:25,1228,0,"mercredi",9.6,0,3
2021-10-13 14:24:57,2013,0,"mercredi",16.7,0,3
2021-10-06 10:19:51,238,0,"mercredi",14.3,0,3
2021-10-06 19:29:47,1209,0,"mercredi",14.3,0,3
2021-10-06 20:46:22,1085,0,"mercredi",14.3,0,3
2021-10-13 15:26:19,491,0,"mercredi",16.7,0,2
2021-10-20 15:16:33,1071,0,"mercredi",11.8,0,2
2021-10-27 17:57:32,843,0,"mercredi",9.6,0,2
2021-10-27 17:01:39,764,0,"mercredi",9.6,0,2
2021-10-20 17:30:02,1594,0,"mercredi",11.8,0,2
2021-05-14 06:56:23,82,1,"vendredi",17.8,0,1
2021-05-14 06:49:12,100,1,"vendredi",17.8,0,1
2021-05-21 07:32:29,565,1,"vendredi",25.3,0,1
2021-05-28 07:53:58,2154,1,"vendredi",7.8,0,1
2021-05-21 08:49:33,256,1,"vendredi",25.3,0,1
2021-05-07 19:33:41,2119,1,"vendredi",9.7,0,3
2021-05-07 19:50:31,2427,1,"vendredi",9.7,0,3
2021-05-21 12:29:53,352,1,"vendredi",25.3,0,3
2021-05-14 12:15:36,294,1,"vendredi",17.8,0,3
2021-05-21 12:44:59,2105,1,"vendredi",25.3,0,3
2021-05-14 16:56:33,458,1,"vendredi",17.8,0,2
2021-05-28 17:56:50,498,1,"vendredi",7.8,0,2
2021-05-28 17:31:22,503,1,"vendredi",7.8,0,2
2021-05-28 17:54:20,313,1,"vendredi",7.8,0,2
2021-05-28 16:27:22,207,1,"vendredi",7.8,0,2
2021-06-11 08:33:55,1301,1,"vendredi",19.7,0.2,1
2021-06-18 09:56:28,931,1,"vendredi",21.2,4.8,1
2021-06-04 09:00:28,782,1,"vendredi",22,0,1
2021-06-11 06:03:29,416,1,"vendredi",19.7,0.2,1
2021-06-11 08:25:26,859,1,"vendredi",19.7,0.2,1
2021-06-04 10:51:49,548,1,"vendredi",22,0,3
2021-06-04 12:21:44,525,1,"vendredi",22,0,3
2021-06-04 14:32:47,1584,1,"vendredi",22,0,3
2021-06-04 12:34:28,550,1,"vendredi",22,0,3
2021-06-25 20:33:59,676,1,"vendredi",22.2,0,3
2021-06-04 18:58:03,2666,1,"vendredi",22,0,2
2021-06-11 18:33:51,376,1,"vendredi",19.7,0.2,2
2021-06-04 16:01:03,252,1,"vendredi",22,0,2
2021-06-18 16:21:58,273,1,"vendredi",21.2,4.8,2
2021-06-25 18:53:27,436,1,"vendredi",22.2,0,2
2021-07-23 09:44:36,1311,1,"vendredi",21,0,1
2021-07-09 07:37:59,474,1,"vendredi",18.1,0,1
2021-07-09 06:50:36,214,1,"vendredi",18.1,0,1
2021-07-16 07:19:50,1438,1,"vendredi",22,0,1
2021-07-16 09:49:03,293,1,"vendredi",22,0,1
2021-07-02 15:00:38,847,1,"vendredi",17.6,0,3
2021-07-16 23:31:57,920,1,"vendredi",22,0,3
2021-07-16 10:34:05,315,1,"vendredi",22,0,3
2021-07-23 02:04:17,1095,1,"vendredi",21,0,3
2021-07-16 19:41:43,1013,1,"vendredi",22,0,3
2021-07-16 18:18:39,72,1,"vendredi",22,0,2
2021-07-30 17:32:11,95,1,"vendredi",16.5,0,2
2021-07-09 15:59:33,783,1,"vendredi",18.1,0,2
2021-07-02 18:07:38,299,1,"vendredi",17.6,0,2
2021-07-02 17:54:34,650,1,"vendredi",17.6,0,2
2021-08-13 08:55:54,820,1,"vendredi",27,0.2,1
2021-08-27 09:21:35,955,1,"vendredi",21.2,0,1
2021-08-27 08:10:56,1450,1,"vendredi",21.2,0,1
2021-08-13 07:55:40,576,1,"vendredi",27,0.2,1
2021-08-13 07:41:14,167,1,"vendredi",27,0.2,1
2021-08-20 13:42:01,755,1,"vendredi",25.9,0,3
2021-08-20 23:10:26,847,1,"vendredi",25.9,0,3
2021-08-06 21:18:44,1094,1,"vendredi",25.1,0.2,3
2021-08-27 20:10:42,1257,1,"vendredi",21.2,0,3
2021-08-06 14:06:45,236,1,"vendredi",25.1,0.2,3
2021-08-20 18:20:38,702,1,"vendredi",25.9,0,2
2021-08-27 18:29:39,1118,1,"vendredi",21.2,0,2
2021-08-06 15:02:32,790,1,"vendredi",25.1,0.2,2
2021-08-06 18:19:26,206,1,"vendredi",25.1,0.2,2
2021-08-27 16:01:09,409,1,"vendredi",21.2,0,2
2021-09-10 06:06:33,1324,1,"vendredi",17.1,0.3,1
2021-09-10 07:34:29,254,1,"vendredi",17.1,0.3,1
2021-09-24 09:47:20,277,1,"vendredi",18.3,26.5,1
2021-09-10 08:11:32,368,1,"vendredi",17.1,0.3,1
2021-09-10 09:25:49,1187,1,"vendredi",17.1,0.3,1
2021-09-10 21:38:57,333,1,"vendredi",17.1,0.3,3
2021-09-17 13:18:47,1286,1,"vendredi",19.8,0,3
2021-09-10 22:40:03,591,1,"vendredi",17.1,0.3,3
2021-09-17 10:30:07,503,1,"vendredi",19.8,0,3
2021-09-17 10:50:08,253,1,"vendredi",19.8,0,3
2021-09-17 17:48:50,728,1,"vendredi",19.8,0,2
2021-09-03 18:04:26,488,1,"vendredi",18,0,2
2021-09-10 15:49:13,1206,1,"vendredi",17.1,0.3,2
2021-09-24 17:24:33,274,1,"vendredi",18.3,26.5,2
2021-09-24 18:54:35,1105,1,"vendredi",18.3,26.5,2
2021-10-15 09:08:18,294,1,"vendredi",18.4,0,1
2021-10-08 09:08:17,493,1,"vendredi",15.4,0,1
2021-10-15 09:13:55,518,1,"vendredi",18.4,0,1
2021-10-15 07:05:28,685,1,"vendredi",18.4,0,1
2021-10-01 09:46:09,697,1,"vendredi",12.5,0,1
2021-10-29 20:37:55,527,1,"vendredi",7.8,0,3
2021-10-01 13:31:04,875,1,"vendredi",12.5,0,3
2021-10-15 22:45:16,867,1,"vendredi",18.4,0,3
2021-10-29 14:39:35,1314,1,"vendredi",7.8,0,3
2021-10-15 21:53:02,284,1,"vendredi",18.4,0,3
2021-10-08 16:18:14,298,1,"vendredi",15.4,0,2
2021-10-15 18:25:28,754,1,"vendredi",18.4,0,2
2021-10-29 15:55:28,1087,1,"vendredi",7.8,0,2
2021-10-08 16:56:19,1826,1,"vendredi",15.4,0,2
2021-10-22 18:23:15,1739,1,"vendredi",8.7,13.8,2
2021-05-03 07:24:21,1966,1,"lundi",7.6,0,1
2021-05-31 09:35:27,503,1,"lundi",15.7,0,1
2021-05-24 08:59:49,206,1,"lundi",14.4,0,1
2021-05-17 08:16:11,1414,1,"lundi",17.9,0.2,1
2021-05-10 07:31:44,635,1,"lundi",11.4,0,1
2021-05-31 22:14:00,385,1,"lundi",15.7,0,3
2021-05-31 21:30:17,711,1,"lundi",15.7,0,3
2021-05-24 20:39:57,374,1,"lundi",14.4,0,3
2021-05-10 10:54:01,561,1,"lundi",11.4,0,3
2021-05-31 13:22:35,466,1,"lundi",15.7,0,3
2021-05-03 17:37:37,933,1,"lundi",7.6,0,2
2021-05-24 17:58:22,250,1,"lundi",14.4,0,2
2021-05-24 18:31:06,621,1,"lundi",14.4,0,2
2021-05-31 16:26:57,87,1,"lundi",15.7,0,2
2021-05-17 15:22:52,348,1,"lundi",17.9,0.2,2
2021-06-21 08:39:28,988,1,"lundi",24.1,2.9,1
2021-06-28 09:29:57,1019,1,"lundi",27,2.3,1
2021-06-21 07:45:07,552,1,"lundi",24.1,2.9,1
2021-06-21 08:13:47,782,1,"lundi",24.1,2.9,1
2021-06-21 08:04:14,713,1,"lundi",24.1,2.9,1
2021-06-07 22:57:25,554,1,"lundi",27.6,0,3
2021-06-21 12:33:18,249,1,"lundi",24.1,2.9,3
2021-06-21 12:56:07,206,1,"lundi",24.1,2.9,3
2021-06-21 20:19:39,527,1,"lundi",24.1,2.9,3
2021-06-28 10:47:49,455,1,"lundi",27,2.3,3
2021-06-21 17:18:31,1093,1,"lundi",24.1,2.9,2
2021-06-14 16:31:24,275,1,"lundi",20.6,7.8,2
2021-06-14 18:15:34,632,1,"lundi",20.6,7.8,2
2021-06-07 16:56:24,604,1,"lundi",27.6,0,2
2021-06-07 17:55:10,1564,1,"lundi",27.6,0,2
2021-07-05 09:40:57,1013,1,"lundi",20.2,0,1
2021-07-26 08:09:50,940,1,"lundi",23.5,0,1
2021-07-19 07:57:25,741,1,"lundi",23.3,0,1
2021-07-05 07:21:45,1091,1,"lundi",20.2,0,1
2021-07-19 08:17:38,376,1,"lundi",23.3,0,1
2021-07-05 13:52:44,1612,1,"lundi",20.2,0,3
2021-07-05 12:20:33,133,1,"lundi",20.2,0,3
2021-07-05 23:14:23,705,1,"lundi",20.2,0,3
2021-07-12 12:28:43,1176,1,"lundi",23.1,0,3
2021-07-05 21:02:18,312,1,"lundi",20.2,0,3
2021-07-26 16:53:17,697,1,"lundi",23.5,0,2
2021-07-12 16:31:30,257,1,"lundi",23.1,0,2
2021-07-19 17:31:43,808,1,"lundi",23.3,0,2
2021-07-05 17:13:26,1890,1,"lundi",20.2,0,2
2021-07-05 17:05:20,777,1,"lundi",20.2,0,2
2021-08-23 08:23:24,603,1,"lundi",26.7,0,1
2021-08-02 09:22:07,1458,1,"lundi",18.8,0,1
2021-08-09 09:30:54,386,1,"lundi",25.2,0.2,1
2021-08-09 07:04:24,298,1,"lundi",25.2,0.2,1
2021-08-09 09:46:09,1391,1,"lundi",25.2,0.2,1
2021-08-09 13:06:54,591,1,"lundi",25.2,0.2,3
2021-08-02 22:51:27,112,1,"lundi",18.8,0,3
2021-08-09 14:20:25,908,1,"lundi",25.2,0.2,3
2021-08-09 13:49:28,1266,1,"lundi",25.2,0.2,3
2021-08-16 13:33:38,723,1,"lundi",19.5,0,3
2021-08-23 18:00:28,582,1,"lundi",26.7,0,2
2021-08-09 18:22:44,276,1,"lundi",25.2,0.2,2
2021-08-02 15:14:31,1141,1,"lundi",18.8,0,2
2021-08-02 18:37:32,4191,1,"lundi",18.8,0,2
2021-08-23 18:28:24,325,1,"lundi",26.7,0,2
2021-09-13 09:50:42,2131,1,"lundi",17.3,0.2,1
2021-09-27 06:38:35,1275,1,"lundi",13.6,3.1,1
2021-09-13 08:59:08,394,1,"lundi",17.3,0.2,1
2021-09-20 08:07:15,1092,1,"lundi",17.3,0,1
2021-09-20 08:39:47,1628,1,"lundi",17.3,0,1
2021-09-13 19:04:14,555,1,"lundi",17.3,0.2,3
2021-09-06 11:51:08,729,1,"lundi",17.4,6.3,3
2021-09-06 14:57:44,537,1,"lundi",17.4,6.3,3
2021-09-13 13:03:59,1543,1,"lundi",17.3,0.2,3
2021-09-20 21:23:31,399,1,"lundi",17.3,0,3
2021-09-27 17:56:18,1048,1,"lundi",13.6,3.1,2
2021-09-13 15:49:37,329,1,"lundi",17.3,0.2,2
2021-09-27 17:53:24,595,1,"lundi",13.6,3.1,2
2021-09-20 15:58:04,1006,1,"lundi",17.3,0,2
2021-09-06 16:20:15,191,1,"lundi",17.4,6.3,2
2021-10-04 08:06:33,1625,1,"lundi",12.2,0,1
2021-10-18 08:18:55,61,1,"lundi",9.7,0.7,1
2021-10-04 06:49:57,438,1,"lundi",12.2,0,1
2021-10-11 08:42:44,1092,1,"lundi",18.4,0,1
2021-10-18 07:30:25,555,1,"lundi",9.7,0.7,1
2021-10-04 14:45:33,968,1,"lundi",12.2,0,3
2021-10-18 19:20:08,865,1,"lundi",9.7,0.7,3
2021-10-18 12:13:35,857,1,"lundi",9.7,0.7,3
2021-10-18 11:35:39,1774,1,"lundi",9.7,0.7,3
2021-10-18 10:11:34,305,1,"lundi",9.7,0.7,3
2021-10-18 18:03:45,457,1,"lundi",9.7,0.7,2
2021-10-18 17:59:19,149,1,"lundi",9.7,0.7,2
2021-10-04 17:50:02,1127,1,"lundi",12.2,0,2
2021-10-25 16:42:55,1614,1,"lundi",6.5,0.5,2
2021-10-11 17:28:53,347,1,"lundi",18.4,0,2
2021-05-01 07:25:18,2612,1,"samedi",5.9,0,1
2021-05-08 09:09:56,195,1,"samedi",11.7,0,1
2021-05-15 08:58:00,385,1,"samedi",17.7,0.2,1
2021-05-29 08:39:54,112,1,"samedi",11.4,0,1
2021-05-08 09:45:36,345,1,"samedi",11.7,0,1
2021-05-22 05:53:09,841,1,"samedi",23.6,0.3,3
2021-05-08 11:00:14,445,1,"samedi",11.7,0,3
2021-05-08 11:43:28,858,1,"samedi",11.7,0,3
2021-05-22 13:17:16,979,1,"samedi",23.6,0.3,3
2021-05-22 12:21:59,1273,1,"samedi",23.6,0.3,3
2021-05-29 18:05:43,554,1,"samedi",11.4,0,2
2021-05-08 18:05:07,1316,1,"samedi",11.7,0,2
2021-05-01 16:27:46,275,1,"samedi",5.9,0,2
2021-05-15 17:01:37,187,1,"samedi",17.7,0.2,2
2021-05-15 15:32:40,382,1,"samedi",17.7,0.2,2
2021-06-12 09:38:53,918,1,"samedi",19.3,0,1
2021-06-12 07:36:45,1791,1,"samedi",19.3,0,1
2021-06-19 08:20:24,243,1,"samedi",20.7,1.9,1
2021-06-19 09:36:16,1521,1,"samedi",20.7,1.9,1
2021-06-05 08:26:54,413,1,"samedi",22.4,14.2,1
2021-06-19 11:35:12,1453,1,"samedi",20.7,1.9,3
2021-06-12 14:10:36,282,1,"samedi",19.3,0,3
2021-06-05 19:21:15,296,1,"samedi",22.4,14.2,3
2021-06-19 13:41:13,2270,1,"samedi",20.7,1.9,3
2021-06-26 19:33:55,411,1,"samedi",21.4,20.8,3
2021-06-05 15:02:34,211,1,"samedi",22.4,14.2,2
2021-06-12 15:47:08,1065,1,"samedi",19.3,0,2
2021-06-19 18:20:54,754,1,"samedi",20.7,1.9,2
2021-06-12 18:02:08,923,1,"samedi",19.3,0,2
2021-06-19 18:22:33,1047,1,"samedi",20.7,1.9,2
2021-07-10 09:33:18,1623,1,"samedi",19,0,1
2021-07-17 08:05:19,1771,1,"samedi",21.7,0,1
2021-07-03 07:53:06,968,1,"samedi",16.5,0,1
2021-07-24 09:52:33,418,1,"samedi",21.9,0.6,1
2021-07-24 09:18:10,1485,1,"samedi",21.9,0.6,1
2021-07-17 11:32:41,931,1,"samedi",21.7,0,3
2021-07-31 13:08:59,1411,1,"samedi",17.9,0,3
2021-07-31 12:47:37,2066,1,"samedi",17.9,0,3
2021-07-24 11:10:27,449,1,"samedi",21.9,0.6,3
2021-07-24 13:11:31,1579,1,"samedi",21.9,0.6,3
2021-07-10 15:24:32,163,1,"samedi",19,0,2
2021-07-24 17:08:27,2642,1,"samedi",21.9,0.6,2
2021-07-17 16:21:58,292,1,"samedi",21.7,0,2
2021-07-17 16:46:24,1117,1,"samedi",21.7,0,2
2021-07-17 18:55:17,925,1,"samedi",21.7,0,2
2021-08-07 09:51:06,399,1,"samedi",23.6,0.8,1
2021-08-28 07:56:15,478,1,"samedi",18.9,0,1
2021-08-07 09:06:57,811,1,"samedi",23.6,0.8,1
2021-08-07 06:47:45,585,1,"samedi",23.6,0.8,1
2021-08-07 07:12:48,814,1,"samedi",23.6,0.8,1
2021-08-07 20:18:05,343,1,"samedi",23.6,0.8,3
2021-08-21 02:16:06,772,1,"samedi",27.5,0,3
2021-08-14 23:11:15,381,1,"samedi",20.9,0.2,3
2021-08-28 14:04:51,1122,1,"samedi",18.9,0,3
2021-08-07 19:47:32,971,1,"samedi",23.6,0.8,3
2021-08-07 17:53:21,1158,1,"samedi",23.6,0.8,2
2021-08-21 16:15:03,776,1,"samedi",27.5,0,2
2021-08-28 18:06:18,333,1,"samedi",18.9,0,2
2021-08-14 18:59:41,2062,1,"samedi",20.9,0.2,2
2021-08-07 16:32:20,516,1,"samedi",23.6,0.8,2
2021-09-11 09:11:23,212,1,"samedi",18.4,0,1
2021-09-11 07:42:19,387,1,"samedi",18.4,0,1
2021-09-25 09:15:04,743,1,"samedi",16.7,0,1
2021-09-11 09:28:41,339,1,"samedi",18.4,0,1
2021-09-18 09:55:57,304,1,"samedi",18.7,0,1
2021-09-11 19:56:01,2077,1,"samedi",18.4,0,3
2021-09-04 01:42:05,759,1,"samedi",19,0,3
2021-09-18 12:59:13,603,1,"samedi",18.7,0,3
2021-09-25 04:07:54,73,1,"samedi",16.7,0,3
2021-09-25 14:01:28,413,1,"samedi",16.7,0,3
2021-09-04 17:42:20,483,1,"samedi",19,0,2
2021-09-18 16:28:42,277,1,"samedi",18.7,0,2
2021-09-11 15:48:43,1918,1,"samedi",18.4,0,2
2021-09-11 15:36:49,738,1,"samedi",18.4,0,2
2021-09-18 18:53:10,429,1,"samedi",18.7,0,2
2021-10-23 09:25:56,591,1,"samedi",4.9,0,1
2021-10-09 07:20:00,347,1,"samedi",16,0,1
2021-10-09 08:53:55,729,1,"samedi",16,0,1
2021-10-23 08:31:46,420,1,"samedi",4.9,0,1
2021-10-23 06:31:21,641,1,"samedi",4.9,0,1
2021-10-30 14:06:27,2112,1,"samedi",8.2,11.6,3
2021-10-09 13:39:50,713,1,"samedi",16,0,3
2021-10-02 12:14:31,1014,1,"samedi",11.9,11.4,3
2021-10-09 22:48:50,552,1,"samedi",16,0,3
2021-10-23 23:48:59,2047,1,"samedi",4.9,0,3
2021-10-23 16:03:35,77,1,"samedi",4.9,0,2
2021-10-30 18:39:50,730,1,"samedi",8.2,11.6,2
2021-10-09 15:35:10,240,1,"samedi",16,0,2
2021-10-02 15:15:15,390,1,"samedi",11.9,11.4,2
2021-10-23 16:54:52,298,1,"samedi",4.9,0,2
2021-05-30 06:17:27,312,1,"dimanche",13.6,0.9,1
2021-05-16 09:19:43,615,1,"dimanche",15.8,0.3,1
2021-05-30 07:55:51,577,1,"dimanche",13.6,0.9,1
2021-05-09 06:15:29,961,1,"dimanche",11.4,0,1
2021-05-30 07:50:21,601,1,"dimanche",13.6,0.9,1
2021-05-16 19:04:37,782,1,"dimanche",15.8,0.3,3
2021-05-16 12:32:29,114,1,"dimanche",15.8,0.3,3
2021-05-02 23:38:09,2652,1,"dimanche",10,0,3
2021-05-30 23:43:46,79,1,"dimanche",13.6,0.9,3
2021-05-09 14:39:18,1313,1,"dimanche",11.4,0,3
2021-05-09 16:42:34,1792,1,"dimanche",11.4,0,2
2021-05-30 16:26:26,1707,1,"dimanche",13.6,0.9,2
2021-05-23 15:19:25,1840,1,"dimanche",15.8,0.5,2
2021-05-23 16:08:12,606,1,"dimanche",15.8,0.5,2
2021-05-09 17:30:59,744,1,"dimanche",11.4,0,2
2021-06-27 07:06:52,295,1,"dimanche",26.9,0,1
2021-06-20 09:26:03,1288,1,"dimanche",21.8,0,1
2021-06-27 07:22:23,1092,1,"dimanche",26.9,0,1
2021-06-13 09:26:56,1585,1,"dimanche",21.6,2.8,1
2021-06-13 08:16:44,667,1,"dimanche",21.6,2.8,1
2021-06-27 02:51:55,3141,1,"dimanche",26.9,0,3
2021-06-27 19:05:26,450,1,"dimanche",26.9,0,3
2021-06-20 14:15:24,1067,1,"dimanche",21.8,0,3
2021-06-20 21:13:12,864,1,"dimanche",21.8,0,3
2021-06-27 21:25:34,795,1,"dimanche",26.9,0,3
2021-06-27 15:05:59,146,1,"dimanche",26.9,0,2
2021-06-06 18:01:28,192,1,"dimanche",24.5,0,2
2021-06-06 17:19:22,681,1,"dimanche",24.5,0,2
2021-06-27 18:23:21,1634,1,"dimanche",26.9,0,2
2021-06-13 17:44:58,618,1,"dimanche",21.6,2.8,2
2021-07-25 09:20:06,662,1,"dimanche",22.8,13.9,1
2021-07-04 09:42:59,316,1,"dimanche",18.4,0,1
2021-07-11 09:43:56,835,1,"dimanche",21,0,1
2021-07-25 06:27:26,1112,1,"dimanche",22.8,13.9,1
2021-07-11 08:53:00,610,1,"dimanche",21,0,1
2021-07-04 19:44:01,1444,1,"dimanche",18.4,0,3
2021-07-18 12:14:37,643,1,"dimanche",21.8,0,3
2021-07-25 21:40:16,171,1,"dimanche",22.8,13.9,3
2021-07-04 10:45:58,1301,1,"dimanche",18.4,0,3
2021-07-11 21:47:01,244,1,"dimanche",21,0,3
2021-07-11 18:56:33,1336,1,"dimanche",21,0,2
2021-07-11 18:33:17,938,1,"dimanche",21,0,2
2021-07-11 17:11:29,158,1,"dimanche",21,0,2
2021-07-18 18:44:41,124,1,"dimanche",21.8,0,2
2021-07-04 15:41:59,536,1,"dimanche",18.4,0,2
2021-08-01 06:50:15,343,1,"dimanche",16.9,0,1
2021-08-15 09:35:40,709,1,"dimanche",18.2,0,1
2021-08-22 09:36:37,471,1,"dimanche",28.2,0,1
2021-08-29 08:34:41,242,1,"dimanche",19.3,6.5,1
2021-08-15 06:19:10,965,1,"dimanche",18.2,0,1
2021-08-15 00:53:12,283,1,"dimanche",18.2,0,3
2021-08-15 22:57:42,436,1,"dimanche",18.2,0,3
2021-08-01 01:58:03,213,1,"dimanche",16.9,0,3
2021-08-08 03:12:04,572,1,"dimanche",24,0,3
2021-08-29 12:54:40,425,1,"dimanche",19.3,6.5,3
2021-08-08 16:27:50,224,1,"dimanche",24,0,2
2021-08-22 18:06:50,2116,1,"dimanche",28.2,0,2
2021-08-08 18:27:07,266,1,"dimanche",24,0,2
2021-08-15 18:53:40,537,1,"dimanche",18.2,0,2
2021-08-22 17:33:30,1999,1,"dimanche",28.2,0,2
2021-09-19 09:29:53,575,1,"dimanche",15.4,0,1
2021-09-19 08:49:32,320,1,"dimanche",15.4,0,1
2021-09-19 09:54:16,388,1,"dimanche",15.4,0,1
2021-09-12 09:24:11,374,1,"dimanche",19.1,0,1
2021-09-19 09:24:50,191,1,"dimanche",15.4,0,1
2021-09-12 20:32:07,1522,1,"dimanche",19.1,0,3
2021-09-26 14:09:36,2815,1,"dimanche",16.7,0,3
2021-09-12 10:24:03,3438,1,"dimanche",19.1,0,3
2021-09-26 13:35:40,1394,1,"dimanche",16.7,0,3
2021-09-19 01:37:20,508,1,"dimanche",15.4,0,3
2021-09-05 18:07:45,77,1,"dimanche",19.5,13.6,2
2021-09-19 15:25:20,1447,1,"dimanche",15.4,0,2
2021-09-26 16:18:37,527,1,"dimanche",16.7,0,2
2021-09-12 16:56:10,281,1,"dimanche",19.1,0,2
2021-09-12 16:51:39,452,1,"dimanche",19.1,0,2
2021-10-03 08:51:06,695,1,"dimanche",13,0.7,1
2021-10-24 07:49:23,1055,1,"dimanche",7.3,0,1
2021-10-24 09:52:45,272,1,"dimanche",7.3,0,1
2021-10-03 08:21:37,626,1,"dimanche",13,0.7,1
2021-10-10 09:09:05,264,1,"dimanche",16.2,0,1
2021-10-10 03:10:57,256,1,"dimanche",16.2,0,3
2021-10-03 20:34:14,1597,1,"dimanche",13,0.7,3
2021-10-24 01:04:51,1159,1,"dimanche",7.3,0,3
2021-10-03 01:58:29,293,1,"dimanche",13,0.7,3
2021-10-17 00:32:48,541,1,"dimanche",11.1,0.2,3
2021-10-24 15:01:49,743,1,"dimanche",7.3,0,2
2021-10-10 17:05:39,335,1,"dimanche",16.2,0,2
2021-10-24 16:41:53,2228,1,"dimanche",7.3,0,2
2021-10-10 18:04:15,1307,1,"dimanche",16.2,0,2
2021-10-03 16:57:28,467,1,"dimanche",13,0.7,2
2021-05-13 09:53:16,476,1,"jeudi",13.4,0,1
2021-05-20 08:18:10,662,1,"jeudi",23.4,0,1
2021-05-06 07:51:03,576,1,"jeudi",10.2,0,1
2021-05-20 08:32:28,649,1,"jeudi",23.4,0,1
2021-05-13 09:30:10,943,1,"jeudi",13.4,0,1
2021-05-27 19:36:28,935,1,"jeudi",11.5,0,3
2021-05-27 23:15:12,597,1,"jeudi",11.5,0,3
2021-05-13 00:37:02,167,1,"jeudi",13.4,0,3
2021-05-13 13:54:19,1023,1,"jeudi",13.4,0,3
2021-05-13 23:05:37,383,1,"jeudi",13.4,0,3
2021-05-27 17:23:58,258,1,"jeudi",11.5,0,2
2021-05-27 18:30:40,1690,1,"jeudi",11.5,0,2
2021-05-13 18:09:46,2851,1,"jeudi",13.4,0,2
2021-05-27 17:21:42,216,1,"jeudi",11.5,0,2
2021-05-13 18:35:04,941,1,"jeudi",13.4,0,2
2021-06-10 09:43:31,142,1,"jeudi",18.5,0,1
2021-06-03 07:27:48,244,1,"jeudi",17.5,6.3,1
2021-06-03 07:29:40,1404,1,"jeudi",17.5,6.3,1
2021-06-17 09:48:36,161,1,"jeudi",18.2,0,1
2021-06-10 09:00:36,1201,1,"jeudi",18.5,0,1
2021-06-03 10:41:00,353,1,"jeudi",17.5,6.3,3
2021-06-24 19:31:03,2358,1,"jeudi",20.4,0,3
2021-06-10 19:40:54,1136,1,"jeudi",18.5,0,3
2021-06-24 15:00:08,584,1,"jeudi",20.4,0,3
2021-06-24 12:38:46,917,1,"jeudi",20.4,0,3
2021-06-03 18:24:42,1237,1,"jeudi",17.5,6.3,2
2021-06-17 17:03:38,266,1,"jeudi",18.2,0,2
2021-06-10 17:51:53,591,1,"jeudi",18.5,0,2
2021-06-03 15:58:01,873,1,"jeudi",17.5,6.3,2
2021-06-10 16:56:43,472,1,"jeudi",18.5,0,2
2021-07-01 07:52:30,270,1,"jeudi",20.6,0,1
2021-07-08 08:16:40,311,1,"jeudi",17.2,16.1,1
2021-07-01 08:36:42,493,1,"jeudi",20.6,0,1
2021-07-29 09:39:37,320,1,"jeudi",17.7,0.7,1
2021-07-08 08:58:58,1008,1,"jeudi",17.2,16.1,1
2021-07-29 19:15:58,171,1,"jeudi",17.7,0.7,3
2021-07-08 01:36:59,1433,1,"jeudi",17.2,16.1,3
2021-07-15 19:30:48,371,1,"jeudi",25.3,3.2,3
2021-07-22 12:35:23,730,1,"jeudi",19.6,0,3
2021-07-29 11:11:53,987,1,"jeudi",17.7,0.7,3
2021-07-01 18:04:34,1597,1,"jeudi",20.6,0,2
2021-07-15 15:18:57,276,1,"jeudi",25.3,3.2,2
2021-07-22 18:48:40,568,1,"jeudi",19.6,0,2
2021-07-01 17:43:55,3538,1,"jeudi",20.6,0,2
2021-07-22 18:37:20,886,1,"jeudi",19.6,0,2
2021-08-05 08:53:42,137,1,"jeudi",22.1,0,1
2021-08-12 07:58:02,268,1,"jeudi",26.9,0,1
2021-08-05 08:35:44,415,1,"jeudi",22.1,0,1
2021-08-26 08:23:11,1606,1,"jeudi",27.6,0,1
2021-08-26 09:57:32,749,1,"jeudi",27.6,0,1
2021-08-12 19:32:54,1494,1,"jeudi",26.9,0,3
2021-08-26 13:07:55,225,1,"jeudi",27.6,0,3
2021-08-19 20:06:03,300,1,"jeudi",23.7,0.5,3
2021-08-05 19:11:09,2374,1,"jeudi",22.1,0,3
2021-08-05 13:04:11,971,1,"jeudi",22.1,0,3
2021-08-05 18:40:11,1921,1,"jeudi",22.1,0,2
2021-08-26 16:36:27,1813,1,"jeudi",27.6,0,2
2021-08-05 15:27:27,498,1,"jeudi",22.1,0,2
2021-08-19 15:12:40,820,1,"jeudi",23.7,0.5,2
2021-08-05 17:40:40,412,1,"jeudi",22.1,0,2
2021-09-23 08:54:44,809,1,"jeudi",24.7,6.3,1
2021-09-23 09:59:57,485,1,"jeudi",24.7,6.3,1
2021-09-30 09:24:01,829,1,"jeudi",11.3,0,1
2021-09-02 08:31:34,1378,1,"jeudi",15.6,0,1
2021-09-23 09:36:01,938,1,"jeudi",24.7,6.3,1
2021-09-23 21:07:57,398,1,"jeudi",24.7,6.3,3
2021-09-30 19:17:00,767,1,"jeudi",11.3,0,3
2021-09-02 13:34:12,707,1,"jeudi",15.6,0,3
2021-09-23 21:17:01,114,1,"jeudi",24.7,6.3,3
2021-09-23 20:20:24,679,1,"jeudi",24.7,6.3,3
2021-09-02 16:51:05,395,1,"jeudi",15.6,0,2
2021-09-23 18:11:12,320,1,"jeudi",24.7,6.3,2
2021-09-09 16:02:06,290,1,"jeudi",19.5,1.6,2
2021-09-09 17:48:33,619,1,"jeudi",19.5,1.6,2
2021-09-23 18:05:47,1703,1,"jeudi",24.7,6.3,2
2021-10-14 09:05:12,182,1,"jeudi",18.3,0,1
2021-10-07 06:41:17,446,1,"jeudi",14.4,0,1
2021-10-21 09:34:11,537,1,"jeudi",11.7,5.8,1
2021-10-07 08:05:26,347,1,"jeudi",14.4,0,1
2021-10-07 08:46:14,859,1,"jeudi",14.4,0,1
2021-10-28 10:39:20,421,1,"jeudi",7.9,0,3
2021-10-21 22:26:59,561,1,"jeudi",11.7,5.8,3
2021-10-14 14:45:54,216,1,"jeudi",18.3,0,3
2021-10-28 21:46:59,765,1,"jeudi",7.9,0,3
2021-10-21 13:38:36,840,1,"jeudi",11.7,5.8,3
2021-10-07 17:30:08,301,1,"jeudi",14.4,0,2
2021-10-14 17:26:07,1173,1,"jeudi",18.3,0,2
2021-10-14 17:12:58,1123,1,"jeudi",18.3,0,2
2021-10-28 18:14:13,634,1,"jeudi",7.9,0,2
2021-10-14 18:53:51,410,1,"jeudi",18.3,0,2
2021-05-18 07:05:04,947,1,"mardi",20,0,1
2021-05-25 09:11:03,481,1,"mardi",19.7,0.5,1
2021-05-18 06:18:44,764,1,"mardi",20,0,1
2021-05-04 07:43:11,295,1,"mardi",11.7,0,1
2021-05-18 08:37:14,1317,1,"mardi",20,0,1
2021-05-25 13:12:04,2553,1,"mardi",19.7,0.5,3
2021-05-25 20:24:58,242,1,"mardi",19.7,0.5,3
2021-05-25 13:28:41,195,1,"mardi",19.7,0.5,3
2021-05-18 13:57:48,486,1,"mardi",20,0,3
2021-05-18 10:36:19,2980,1,"mardi",20,0,3
2021-05-18 17:12:32,1548,1,"mardi",20,0,2
2021-05-18 16:34:27,713,1,"mardi",20,0,2
2021-05-04 18:07:41,1713,1,"mardi",11.7,0,2
2021-05-18 16:44:53,661,1,"mardi",20,0,2
2021-05-18 17:56:24,778,1,"mardi",20,0,2
2021-06-15 06:12:56,2321,1,"mardi",17.9,0,1
2021-06-01 07:05:52,172,1,"mardi",19.3,1.4,1
2021-06-08 08:58:18,1480,1,"mardi",26.3,0,1
2021-06-29 07:58:11,342,1,"mardi",25.6,0,1
2021-06-22 07:31:38,1173,1,"mardi",15.5,0.2,1
2021-06-22 19:27:56,176,1,"mardi",15.5,0.2,3
2021-06-15 21:36:43,1936,1,"mardi",17.9,0,3
2021-06-01 11:05:21,1042,1,"mardi",19.3,1.4,3
2021-06-15 11:20:04,512,1,"mardi",17.9,0,3
2021-06-01 11:15:25,1156,1,"mardi",19.3,1.4,3
2021-06-01 17:08:25,2009,1,"mardi",19.3,1.4,2
2021-06-08 18:14:33,921,1,"mardi",26.3,0,2
2021-06-15 18:54:51,279,1,"mardi",17.9,0,2
2021-06-29 18:00:00,685,1,"mardi",25.6,0,2
2021-06-01 17:14:19,615,1,"mardi",19.3,1.4,2
2021-07-27 09:10:21,1598,1,"mardi",19,1.4,1
2021-07-27 09:33:39,925,1,"mardi",19,1.4,1
2021-07-06 09:56:13,594,1,"mardi",23.1,1.2,1
2021-07-20 09:32:53,847,1,"mardi",21.2,9.6,1
2021-07-06 07:33:44,570,1,"mardi",23.1,1.2,1
2021-07-06 14:31:19,694,1,"mardi",23.1,1.2,3
2021-07-27 11:52:11,654,1,"mardi",19,1.4,3
2021-07-27 22:35:05,108,1,"mardi",19,1.4,3
2021-07-06 21:16:58,1224,1,"mardi",23.1,1.2,3
2021-07-27 22:54:54,1096,1,"mardi",19,1.4,3
2021-07-13 17:59:23,833,1,"mardi",23.2,5.8,2
2021-07-13 17:26:34,622,1,"mardi",23.2,5.8,2
2021-07-27 15:58:57,1576,1,"mardi",19,1.4,2
2021-07-20 18:30:41,164,1,"mardi",21.2,9.6,2
2021-07-20 15:45:01,814,1,"mardi",21.2,9.6,2
2021-08-03 08:49:52,589,1,"mardi",21.5,0.2,1
2021-08-10 08:10:53,429,1,"mardi",26.5,10.4,1
2021-08-17 08:17:12,804,1,"mardi",21.2,0,1
2021-08-24 07:17:48,148,1,"mardi",27.2,0,1
2021-08-17 09:09:16,630,1,"mardi",21.2,0,1
2021-08-03 13:04:42,349,1,"mardi",21.5,0.2,3
2021-08-24 20:54:23,393,1,"mardi",27.2,0,3
2021-08-24 19:38:06,578,1,"mardi",27.2,0,3
2021-08-10 21:34:21,317,1,"mardi",26.5,10.4,3
2021-08-17 19:39:26,365,1,"mardi",21.2,0,3
2021-08-31 15:58:45,1041,1,"mardi",20.6,0,2
2021-08-17 16:20:00,294,1,"mardi",21.2,0,2
2021-08-31 15:37:02,1056,1,"mardi",20.6,0,2
2021-08-17 17:24:37,859,1,"mardi",21.2,0,2
2021-08-03 15:34:38,285,1,"mardi",21.5,0.2,2
2021-09-07 09:42:35,476,1,"mardi",17.9,0,1
2021-09-14 09:34:09,142,1,"mardi",16.7,0,1
2021-09-07 09:15:14,1034,1,"mardi",17.9,0,1
2021-09-14 08:45:27,360,1,"mardi",16.7,0,1
2021-09-07 08:31:04,510,1,"mardi",17.9,0,1
2021-09-07 10:50:46,171,1,"mardi",17.9,0,3
2021-09-28 19:25:09,117,1,"mardi",10.5,0.2,3
2021-09-07 20:10:53,1216,1,"mardi",17.9,0,3
2021-09-28 21:20:44,437,1,"mardi",10.5,0.2,3
2021-09-28 11:16:52,943,1,"mardi",10.5,0.2,3
2021-09-07 16:17:23,245,1,"mardi",17.9,0,2
2021-09-21 15:58:43,316,1,"mardi",20.2,0,2
2021-09-14 18:58:31,1088,1,"mardi",16.7,0,2
2021-09-28 16:26:45,108,1,"mardi",10.5,0.2,2
2021-09-21 16:22:20,122,1,"mardi",20.2,0,2
2021-10-19 08:50:04,324,1,"mardi",8.8,0,1
2021-10-12 07:48:58,595,1,"mardi",18.5,0,1
2021-10-26 07:26:31,433,1,"mardi",9.6,6.4,1
2021-10-05 07:41:57,200,1,"mardi",13.1,0,1
2021-10-12 08:03:59,877,1,"mardi",18.5,0,1
2021-10-12 13:51:07,669,1,"mardi",18.5,0,3
2021-10-05 19:50:05,196,1,"mardi",13.1,0,3
2021-10-26 10:48:48,587,1,"mardi",9.6,6.4,3
2021-10-19 11:42:08,1391,1,"mardi",8.8,0,3
2021-10-12 12:24:36,2183,1,"mardi",18.5,0,3
2021-10-05 18:26:16,907,1,"mardi",13.1,0,2
2021-10-05 18:44:38,376,1,"mardi",13.1,0,2
2021-10-05 17:13:23,2156,1,"mardi",13.1,0,2
2021-10-26 17:40:59,672,1,"mardi",9.6,6.4,2
2021-10-12 17:06:08,1206,1,"mardi",18.5,0,2
2021-05-05 06:53:03,196,1,"mercredi",10.7,0.8,1
2021-05-12 07:23:40,1494,1,"mercredi",12,0,1
2021-05-26 07:41:36,585,1,"mercredi",24,0.4,1
2021-05-19 08:20:42,150,1,"mercredi",19.2,0,1
2021-05-12 08:01:07,576,1,"mercredi",12,0,1
2021-05-19 12:55:10,874,1,"mercredi",19.2,0,3
2021-05-26 21:44:20,772,1,"mercredi",24,0.4,3
2021-05-19 19:55:43,1396,1,"mercredi",19.2,0,3
2021-05-12 12:49:39,80,1,"mercredi",12,0,3
2021-05-26 19:33:12,2892,1,"mercredi",24,0.4,3
2021-05-19 17:08:22,809,1,"mercredi",19.2,0,2
2021-05-19 18:09:06,1453,1,"mercredi",19.2,0,2
2021-05-05 16:35:46,926,1,"mercredi",10.7,0.8,2
2021-05-05 18:58:48,464,1,"mercredi",10.7,0.8,2
2021-05-19 16:47:08,666,1,"mercredi",19.2,0,2
2021-06-09 06:40:54,1457,1,"mercredi",24.1,0,1
2021-06-23 08:38:48,1564,1,"mercredi",14.5,0,1
2021-06-09 07:49:51,253,1,"mercredi",24.1,0,1
2021-06-30 06:25:27,474,1,"mercredi",23.4,31.7,1
2021-06-23 07:11:53,695,1,"mercredi",14.5,0,1
2021-06-09 19:11:10,2749,1,"mercredi",24.1,0,3
2021-06-16 12:25:14,219,1,"mercredi",15.2,0,3
2021-06-23 22:40:28,1042,1,"mercredi",14.5,0,3
2021-06-09 11:56:28,849,1,"mercredi",24.1,0,3
2021-06-09 19:04:49,1780,1,"mercredi",24.1,0,3
2021-06-09 15:46:45,676,1,"mercredi",24.1,0,2
2021-06-09 17:29:13,1730,1,"mercredi",24.1,0,2
2021-06-16 17:37:10,340,1,"mercredi",15.2,0,2
2021-06-02 18:01:33,470,1,"mercredi",20.9,0,2
2021-06-16 18:25:23,296,1,"mercredi",15.2,0,2
2021-07-14 07:40:06,996,1,"mercredi",24.2,0,1
2021-07-28 08:48:08,1033,1,"mercredi",19.2,0,1
2021-07-28 08:45:15,353,1,"mercredi",19.2,0,1
2021-07-07 07:54:36,829,1,"mercredi",16.4,0,1
2021-07-28 09:14:43,101,1,"mercredi",19.2,0,1
2021-07-28 20:04:22,885,1,"mercredi",19.2,0,3
2021-07-14 20:06:36,275,1,"mercredi",24.2,0,3
2021-07-07 21:38:07,1604,1,"mercredi",16.4,0,3
2021-07-14 22:36:19,1534,1,"mercredi",24.2,0,3
2021-07-21 11:22:04,940,1,"mercredi",20,1.5,3
2021-07-07 15:14:57,805,1,"mercredi",16.4,0,2
2021-07-14 16:57:56,379,1,"mercredi",24.2,0,2
2021-07-28 16:58:49,358,1,"mercredi",19.2,0,2
2021-07-21 17:08:07,619,1,"mercredi",20,1.5,2
2021-07-21 17:02:51,214,1,"mercredi",20,1.5,2
2021-08-04 08:54:23,315,1,"mercredi",21.1,0.2,1
2021-08-18 08:53:28,371,1,"mercredi",25.4,0,1
2021-08-11 08:29:30,620,1,"mercredi",27,5,1
2021-08-04 06:51:13,1242,1,"mercredi",21.1,0.2,1
2021-08-04 06:53:17,535,1,"mercredi",21.1,0.2,1
2021-08-18 19:13:26,2439,1,"mercredi",25.4,0,3
2021-08-25 12:51:51,958,1,"mercredi",26.6,0,3
2021-08-18 13:31:05,614,1,"mercredi",25.4,0,3
2021-08-25 01:05:37,615,1,"mercredi",26.6,0,3
2021-08-25 20:43:04,1603,1,"mercredi",26.6,0,3
2021-08-04 15:21:04,498,1,"mercredi",21.1,0.2,2
2021-08-11 17:02:00,498,1,"mercredi",27,5,2
2021-08-25 17:43:41,120,1,"mercredi",26.6,0,2
2021-08-04 18:15:47,349,1,"mercredi",21.1,0.2,2
2021-08-11 18:30:52,679,1,"mercredi",27,5,2
2021-09-08 07:09:08,1721,1,"mercredi",18.6,1,1
2021-09-22 08:20:58,891,1,"mercredi",20.8,0.2,1
2021-09-08 08:43:49,874,1,"mercredi",18.6,1,1
2021-09-15 09:18:39,656,1,"mercredi",17.6,11.1,1
2021-09-29 07:51:31,121,1,"mercredi",11.2,0,1
2021-09-29 12:58:21,569,1,"mercredi",11.2,0,3
2021-09-29 11:56:09,69,1,"mercredi",11.2,0,3
2021-09-15 19:29:58,366,1,"mercredi",17.6,11.1,3
2021-09-15 22:35:57,373,1,"mercredi",17.6,11.1,3
2021-09-22 19:27:39,460,1,"mercredi",20.8,0.2,3
2021-09-01 15:19:23,904,1,"mercredi",18,0,2
2021-09-22 16:02:43,497,1,"mercredi",20.8,0.2,2
2021-09-29 18:37:35,464,1,"mercredi",11.2,0,2
2021-09-22 17:31:01,288,1,"mercredi",20.8,0.2,2
2021-09-01 18:09:19,487,1,"mercredi",18,0,2
2021-10-06 07:11:44,524,1,"mercredi",14.3,0,1
2021-10-13 09:07:43,230,1,"mercredi",16.7,0,1
2021-10-13 06:02:33,401,1,"mercredi",16.7,0,1
2021-10-06 07:02:08,255,1,"mercredi",14.3,0,1
2021-10-13 09:46:19,698,1,"mercredi",16.7,0,1
2021-10-06 22:10:23,490,1,"mercredi",14.3,0,3
2021-10-13 14:28:02,2166,1,"mercredi",16.7,0,3
2021-10-20 02:08:28,191,1,"mercredi",11.8,0,3
2021-10-13 23:27:39,319,1,"mercredi",16.7,0,3
2021-10-06 06:00:59,752,1,"mercredi",14.3,0,3
2021-10-06 17:07:00,490,1,"mercredi",14.3,0,2
2021-10-06 18:33:41,1092,1,"mercredi",14.3,0,2
2021-10-27 18:29:10,1566,1,"mercredi",9.6,0,2
2021-10-27 15:07:29,410,1,"mercredi",9.6,0,2
2021-10-27 18:57:53,226,1,"mercredi",9.6,0,2
